{

  "name": "noctem-abyss-bot",

  "version": "1.0.0",

  "description": "Bot WhatsApp Noctem Abyss avec IA Emma",

  "main": "index.js",

  "type": "module",

  "scripts": {

    "start": "node index.js",

    "dev": "nodemon index.js"

  },

  "keywords": [

    "whatsapp",

    "bot",

    "baileys",

    "noctem",

    "abyss"

  ],

  "author": "Shadow Noctem Abyss",

  "license": "MIT",

  "dependencies": {

    "@whiskeysockets/baileys": "^6.7.5",

    "axios": "^1.6.7",

    "chalk": "^5.3.0",

    "dotenv": "^16.4.5",

    "node-fetch": "^3.3.2",

    "pino": "^8.21.0",

    "pino-pretty": "^10.3.0",

    "qrcode-terminal": "^0.12.0",

    "sharp": "^0.33.1",

    "wa-sticker-formatter": "^4.4.4",

    "fluent-ffmpeg": "^2.1.2",

    "ffmpeg-static": "^5.1.0"

  },

  "devDependencies": {

    "nodemon": "^3.1.0"

  },

  "engines": {

    "node": ">=18.0.0"

  }

}